{
    "prepare_queue": {
        "installed": [],
        "uninstalled": []
    },
    "config_munge": {
        "files": {
            "res/xml/config.xml": {
                "parents": {
                    "/*": [
                        {
                            "xml": "<feature name=\"Whitelist\"><param name=\"android-package\" value=\"org.apache.cordova.whitelist.WhitelistPlugin\" /><param name=\"onload\" value=\"true\" /></feature>",
                            "count": 1
                        },
                        {
                            "xml": "<feature name=\"ADALProxy\"><param name=\"android-package\" value=\"com.microsoft.aad.adal.CordovaAdalPlugin\" /></feature>",
                            "count": 1
                        },
                        {
                            "xml": "<feature name=\"Geolocation\"><param name=\"android-package\" value=\"org.apache.cordova.geolocation.Geolocation\" /></feature>",
                            "count": 1
                        }
                    ]
                }
            },
            "AndroidManifest.xml": {
                "parents": {
                    "/manifest": [
                        {
                            "xml": "<uses-permission android:name=\"android.permission.INTERNET\" />",
                            "count": 1
                        },
                        {
                            "xml": "<uses-permission android:name=\"android.permission.ACCESS_NETWORK_STATE\" />",
                            "count": 1
                        },
                        {
                            "xml": "<uses-permission android:name=\"android.permission.GET_ACCOUNTS\" />",
                            "count": 1
                        },
                        {
                            "xml": "<uses-permission android:name=\"android.permission.MANAGE_ACCOUNTS\" />",
                            "count": 1
                        },
                        {
                            "xml": "<uses-permission android:name=\"android.permission.USE_CREDENTIALS\" />",
                            "count": 1
                        }
                    ],
                    "/manifest/application": [
                        {
                            "xml": "<activity android:configChanges=\"orientation|keyboardHidden|screenSize\" android:name=\"com.microsoft.aad.adal.AuthenticationActivity\"></activity>",
                            "count": 1
                        }
                    ],
                    "/*": [
                        {
                            "xml": "<uses-permission android:name=\"android.permission.ACCESS_COARSE_LOCATION\" />",
                            "count": 1
                        },
                        {
                            "xml": "<uses-permission android:name=\"android.permission.ACCESS_FINE_LOCATION\" />",
                            "count": 1
                        },
                        {
                            "xml": "<uses-feature android:name=\"android.hardware.location.gps\" />",
                            "count": 1
                        }
                    ]
                }
            }
        }
    },
    "installed_plugins": {
        "cordova-plugin-whitelist": {
            "PACKAGE_NAME": "io.cordova.myapp1fcc71"
        },
        "cordova-plugin-compat": {
            "PACKAGE_NAME": "io.cordova.myapp1fcc71"
        },
        "cordova-plugin-ms-adal": {
            "PACKAGE_NAME": "io.cordova.myapp1fcc71"
        },
        "cordova-plugin-geolocation": {
            "PACKAGE_NAME": "io.cordova.myapp1fcc71"
        }
    },
    "dependent_plugins": {},
    "modules": [
        {
            "id": "cordova-plugin-ms-adal.utility",
            "file": "plugins/cordova-plugin-ms-adal/www/utility.js",
            "pluginId": "cordova-plugin-ms-adal",
            "runs": true
        },
        {
            "id": "cordova-plugin-ms-adal.AuthenticationContext",
            "file": "plugins/cordova-plugin-ms-adal/www/AuthenticationContext.js",
            "pluginId": "cordova-plugin-ms-adal",
            "clobbers": [
                "Microsoft.ADAL.AuthenticationContext"
            ]
        },
        {
            "id": "cordova-plugin-ms-adal.CordovaBridge",
            "file": "plugins/cordova-plugin-ms-adal/www/CordovaBridge.js",
            "pluginId": "cordova-plugin-ms-adal"
        },
        {
            "id": "cordova-plugin-ms-adal.AuthenticationResult",
            "file": "plugins/cordova-plugin-ms-adal/www/AuthenticationResult.js",
            "pluginId": "cordova-plugin-ms-adal"
        },
        {
            "id": "cordova-plugin-ms-adal.TokenCache",
            "file": "plugins/cordova-plugin-ms-adal/www/TokenCache.js",
            "pluginId": "cordova-plugin-ms-adal"
        },
        {
            "id": "cordova-plugin-ms-adal.TokenCacheItem",
            "file": "plugins/cordova-plugin-ms-adal/www/TokenCacheItem.js",
            "pluginId": "cordova-plugin-ms-adal"
        },
        {
            "id": "cordova-plugin-ms-adal.UserInfo",
            "file": "plugins/cordova-plugin-ms-adal/www/UserInfo.js",
            "pluginId": "cordova-plugin-ms-adal"
        },
        {
            "id": "cordova-plugin-ms-adal.LogItem",
            "file": "plugins/cordova-plugin-ms-adal/www/LogItem.js",
            "pluginId": "cordova-plugin-ms-adal"
        },
        {
            "id": "cordova-plugin-ms-adal.AuthenticationSettings",
            "file": "plugins/cordova-plugin-ms-adal/www/AuthenticationSettings.js",
            "pluginId": "cordova-plugin-ms-adal",
            "clobbers": [
                "Microsoft.ADAL.AuthenticationSettings"
            ]
        },
        {
            "id": "cordova-plugin-geolocation.geolocation",
            "file": "plugins/cordova-plugin-geolocation/www/android/geolocation.js",
            "pluginId": "cordova-plugin-geolocation",
            "clobbers": [
                "navigator.geolocation"
            ]
        },
        {
            "id": "cordova-plugin-geolocation.PositionError",
            "file": "plugins/cordova-plugin-geolocation/www/PositionError.js",
            "pluginId": "cordova-plugin-geolocation",
            "runs": true
        }
    ],
    "plugin_metadata": {
        "cordova-plugin-whitelist": "1.2.2",
        "cordova-plugin-compat": "1.2.0",
        "cordova-plugin-ms-adal": "0.10.1",
        "cordova-plugin-geolocation": "2.4.3"
    }
}